COM_ID,COM_COORD_X,COM_COORD_Y,COM_NAME,COM_EMAIL,COM_TITLE,COM_DESC,COM_CREATED,COM_USERID,COM_APPID
1,435371,4627981,Name 1,email1@example.com,A comment,A description,2011-11-10 09:39:48,1,1
2,438957,4646459,Name 2,email2@example.com,A comment,A description,2012-01-02 10:41:20,2,1
4,451445,4601052,Name 4,email4@example.com,A comment,A description,2012-02-23 16:33:55,3,1
5,455535,4619638,Name 5,email5@example.com,A comment,A description,2012-05-15 10:43:27,4,1
7,446548,4610430,Name 7,email7@example.com,A comment,A description,2012-06-19 22:36:38,1,2
10,458390,4615720,Name 10,email10@example.com,A comment,A description,2012-08-09 19:51:04,2,2
24,413828,4586048,Name 24,email24@example.com,A comment,A description,2014-01-03 22:45:25,3,2
25,409493,4593044,Name 25,email25@example.com,A comment,A description,2014-01-28 15:59:55,4,2
26,435945,4628580,Name 26,email26@example.com,A comment,A description,2014-02-14 10:56:55,1,3
27,443777,4643408,Name 27,email27@example.com,A comment,A description,2014-02-25 14:06:18,2,3
28,443702,4643438,Name 28,email28@example.com,A comment,A description,2014-02-25 14:07:44,3,3
29,444025,4643468,Name 29,email29@example.com,A comment,A description,2014-02-25 14:10:57,4,3
